<?xml version="1.0" encoding="utf-8"?>
<RelativeLayout xmlns:android="http://schemas.android.com/apk/res/android"
	android:orientation="vertical" android:layout_width="match_parent"
	android:layout_height="match_parent">
<ImageView android:id= "@+id/Ellipse_1_0"
	android:src= "@drawable/Ellipse_1"
	android:layout_marginStart= "34dp"
	android:layout_marginTop= "7dp"
	android:layout_width= "7dp"
	android:layout_height= "6dp"
	/>
<ImageView android:id= "@+id/Ellipse_1_1"
	android:src= "@drawable/Ellipse_1"
	android:layout_marginStart= "27dp"
	android:layout_marginTop= "7dp"
	android:layout_width= "7dp"
	android:layout_height= "6dp"
	/>
<ImageView android:id= "@+id/Ellipse_1_2"
	android:src= "@drawable/Ellipse_1"
	android:layout_marginStart= "20dp"
	android:layout_marginTop= "7dp"
	android:layout_width= "7dp"
	android:layout_height= "6dp"
	/>
<ImageView android:id= "@+id/Ellipse_1_3"
	android:src= "@drawable/Ellipse_1"
	android:layout_marginStart= "13dp"
	android:layout_marginTop= "7dp"
	android:layout_width= "7dp"
	android:layout_height= "6dp"
	/>
<ImageView android:id= "@+id/Ellipse_1_4"
	android:src= "@drawable/Ellipse_1"
	android:layout_marginStart= "6dp"
	android:layout_marginTop= "7dp"
	android:layout_width= "7dp"
	android:layout_height= "6dp"
	/>
<TextView android:id= "@+id/ProWorkflow_5"
	android:text= "@string/ProWorkflow_string"
	android:fontFamily= "HelveticaNeue"
	android:textSize="9sp"
	android:layout_marginStart= "45dp"
	android:layout_marginTop= "6dp"
	android:layout_width= "67dp"
	android:layout_height= "wrap_content"
	android:textcolor= "@color/ProWorkflow_color"/>
<ImageView android:id= "@+id/wifi_6"
	android:src= "@drawable/wifi"
	android:layout_marginStart= "116dp"
	android:layout_marginTop= "5dp"
	android:layout_width= "13dp"
	android:layout_height= "11dp"
	/>
<TextView android:id= "@+id/_4_21_PM_7"
	android:text= "@string/_4_21_PM_string"
	android:fontFamily= "HelveticaNeue-Medium"
	android:textSize="10sp"
	android:layout_marginStart= "169dp"
	android:layout_marginTop= "6dp"
	android:layout_width= "47dp"
	android:layout_height= "wrap_content"
	android:textcolor= "@color/_4_21_PM_color"/>
<ImageView android:id= "@+id/Bluetooth_8"
	android:src= "@drawable/Bluetooth"
	android:layout_marginStart= "295dp"
	android:layout_marginTop= "3dp"
	android:layout_width= "9dp"
	android:layout_height= "15dp"
	/>
<ImageView android:id= "@+id/__9"
	android:src= "@drawable/_"
	android:layout_marginStart= "367dp"
	android:layout_marginTop= "8dp"
	android:layout_width= "2dp"
	android:layout_height= "5dp"
	/>
<ImageView android:id= "@+id/Charge_10"
	android:src= "@drawable/Charge"
	android:layout_marginStart= "345dp"
	android:layout_marginTop= "6dp"
	android:layout_width= "22dp"
	android:layout_height= "8dp"
	/>
<ImageView android:id= "@+id/battery_11"
	android:src= "@drawable/battery"
	android:layout_marginStart= "344dp"
	android:layout_marginTop= "5dp"
	android:layout_width= "24dp"
	android:layout_height= "11dp"
	/>
<TextView android:id= "@+id/_100__12"
	android:text= "@string/_100__string"
	android:fontFamily= "HelveticaNeue"
	android:textSize="10sp"
	android:layout_marginStart= "311dp"
	android:layout_marginTop= "6dp"
	android:layout_width= "29dp"
	android:layout_height= "wrap_content"
	android:textcolor= "@color/_100__color"/>
<ImageView android:id= "@+id/Layer_13_13"
	android:src= "@drawable/Layer_13"
	android:layout_marginStart= "27dp"
	android:layout_marginTop= "563dp"
	android:layout_width= "44dp"
	android:layout_height= "51dp"
	/>
<ImageView android:id= "@+id/Avatar_Mask_14"
	android:src= "@drawable/Avatar_Mask"
	android:layout_marginStart= "29dp"
	android:layout_marginTop= "563dp"
	android:layout_width= "42dp"
	android:layout_height= "41dp"
	/>
<ImageView android:id= "@+id/Shape_1_copy_2_15"
	android:src= "@drawable/Shape_1_copy_2"
	android:layout_marginStart= "336dp"
	android:layout_marginTop= "569dp"
	android:layout_width= "21dp"
	android:layout_height= "29dp"
	/>
<TextView android:id= "@+id/Peter_Lugar_16"
	android:text= "@string/Peter_Lugar_string"
	android:fontFamily= "Avenir-Medium"
	android:textSize="11sp"
	android:layout_marginStart= "85dp"
	android:layout_marginTop= "578dp"
	android:layout_width= "72dp"
	android:layout_height= "wrap_content"
	android:textcolor= "@color/Peter_Lugar_color"/>
<ImageView android:id= "@+id/Rounded_Rectangle_1_17"
	android:src= "@drawable/Rounded_Rectangle_1"
	android:layout_marginStart= "18dp"
	android:layout_marginTop= "555dp"
	android:layout_width= "351dp"
	android:layout_height= "60dp"
	/>
<ImageView android:id= "@+id/Shape_1_copy_3_18"
	android:src= "@drawable/Shape_1_copy_3"
	android:layout_marginStart= "330dp"
	android:layout_marginTop= "483dp"
	android:layout_width= "21dp"
	android:layout_height= "29dp"
	/>
<ImageView android:id= "@+id/Layer_14_19"
	android:src= "@drawable/Layer_14"
	android:layout_marginStart= "21dp"
	android:layout_marginTop= "474dp"
	android:layout_width= "45dp"
	android:layout_height= "45dp"
	/>
<ImageView android:id= "@+id/Avatar_Mask_20"
	android:src= "@drawable/Avatar_Mask"
	android:layout_marginStart= "22dp"
	android:layout_marginTop= "478dp"
	android:layout_width= "42dp"
	android:layout_height= "41dp"
	/>
<TextView android:id= "@+id/Ethan_Haskel_21"
	android:text= "@string/Ethan_Haskel_string"
	android:fontFamily= "Avenir-Medium"
	android:textSize="11sp"
	android:layout_marginStart= "79dp"
	android:layout_marginTop= "491dp"
	android:layout_width= "80dp"
	android:layout_height= "wrap_content"
	android:textcolor= "@color/Ethan_Haskel_color"/>
<ImageView android:id= "@+id/Rounded_Rectangle_1_22"
	android:src= "@drawable/Rounded_Rectangle_1"
	android:layout_marginStart= "11dp"
	android:layout_marginTop= "469dp"
	android:layout_width= "351dp"
	android:layout_height= "60dp"
	/>
<ImageView android:id= "@+id/Shape_1_copy_4_23"
	android:src= "@drawable/Shape_1_copy_4"
	android:layout_marginStart= "330dp"
	android:layout_marginTop= "419dp"
	android:layout_width= "21dp"
	android:layout_height= "29dp"
	/>
<ImageView android:id= "@+id/Layer_15_24"
	android:src= "@drawable/Layer_15"
	android:layout_marginStart= "-11dp"
	android:layout_marginTop= "413dp"
	android:layout_width= "88dp"
	android:layout_height= "59dp"
	/>
<TextView android:id= "@+id/Carolyn_Meywheather_25"
	android:text= "@string/Carolyn_Meywheather_string"
	android:fontFamily= "Avenir-Medium"
	android:textSize="11sp"
	android:layout_marginStart= "78dp"
	android:layout_marginTop= "426dp"
	android:layout_width= "137dp"
	android:layout_height= "wrap_content"
	android:textcolor= "@color/Carolyn_Meywheather_color"/>
<ImageView android:id= "@+id/Rounded_Rectangle_1_26"
	android:src= "@drawable/Rounded_Rectangle_1"
	android:layout_marginStart= "11dp"
	android:layout_marginTop= "403dp"
	android:layout_width= "351dp"
	android:layout_height= "60dp"
	/>
<ImageView android:id= "@+id/Shape_1_copy_5_27"
	android:src= "@drawable/Shape_1_copy_5"
	android:layout_marginStart= "330dp"
	android:layout_marginTop= "353dp"
	android:layout_width= "21dp"
	android:layout_height= "29dp"
	/>
<ImageView android:id= "@+id/Layer_16_28"
	android:src= "@drawable/Layer_16"
	android:layout_marginStart= "13dp"
	android:layout_marginTop= "346dp"
	android:layout_width= "63dp"
	android:layout_height= "42dp"
	/>
<ImageView android:id= "@+id/Avatar_Mask_29"
	android:src= "@drawable/Avatar_Mask"
	android:layout_marginStart= "22dp"
	android:layout_marginTop= "347dp"
	android:layout_width= "42dp"
	android:layout_height= "41dp"
	/>
<TextView android:id= "@+id/Davon_Peterson_30"
	android:text= "@string/Davon_Peterson_string"
	android:fontFamily= "Avenir-Medium"
	android:textSize="11sp"
	android:layout_marginStart= "79dp"
	android:layout_marginTop= "361dp"
	android:layout_width= "97dp"
	android:layout_height= "wrap_content"
	android:textcolor= "@color/Davon_Peterson_color"/>
<ImageView android:id= "@+id/Rounded_Rectangle_1_31"
	android:src= "@drawable/Rounded_Rectangle_1"
	android:layout_marginStart= "11dp"
	android:layout_marginTop= "338dp"
	android:layout_width= "351dp"
	android:layout_height= "60dp"
	/>
<ImageView android:id= "@+id/Shape_1_copy_32"
	android:src= "@drawable/Shape_1_copy"
	android:layout_marginStart= "329dp"
	android:layout_marginTop= "290dp"
	android:layout_width= "21dp"
	android:layout_height= "29dp"
	/>
<ImageView android:id= "@+id/Layer_14_33"
	android:src= "@drawable/Layer_14"
	android:layout_marginStart= "20dp"
	android:layout_marginTop= "280dp"
	android:layout_width= "45dp"
	android:layout_height= "45dp"
	/>
<ImageView android:id= "@+id/Avatar_Mask_34"
	android:src= "@drawable/Avatar_Mask"
	android:layout_marginStart= "22dp"
	android:layout_marginTop= "284dp"
	android:layout_width= "42dp"
	android:layout_height= "41dp"
	/>
<TextView android:id= "@+id/Bruce_Wayne_35"
	android:text= "@string/Bruce_Wayne_string"
	android:fontFamily= "Avenir-Medium"
	android:textSize="11sp"
	android:layout_marginStart= "78dp"
	android:layout_marginTop= "299dp"
	android:layout_width= "81dp"
	android:layout_height= "wrap_content"
	android:textcolor= "@color/Bruce_Wayne_color"/>
<ImageView android:id= "@+id/Rounded_Rectangle_1_36"
	android:src= "@drawable/Rounded_Rectangle_1"
	android:layout_marginStart= "11dp"
	android:layout_marginTop= "275dp"
	android:layout_width= "351dp"
	android:layout_height= "60dp"
	/>
<ImageView android:id= "@+id/Shape_1_37"
	android:src= "@drawable/Shape_1"
	android:layout_marginStart= "332dp"
	android:layout_marginTop= "225dp"
	android:layout_width= "19dp"
	android:layout_height= "27dp"
	/>
<ImageView android:id= "@+id/messages_copy_38"
	android:src= "@drawable/messages_copy"
	android:layout_marginStart= "279dp"
	android:layout_marginTop= "225dp"
	android:layout_width= "31dp"
	android:layout_height= "26dp"
	/>
<ImageView android:id= "@+id/messages_39"
	android:src= "@drawable/messages"
	android:layout_marginStart= "236dp"
	android:layout_marginTop= "224dp"
	android:layout_width= "31dp"
	android:layout_height= "26dp"
	/>
<ImageView android:id= "@+id/Layer_13_40"
	android:src= "@drawable/Layer_13"
	android:layout_marginStart= "21dp"
	android:layout_marginTop= "217dp"
	android:layout_width= "44dp"
	android:layout_height= "51dp"
	/>
<ImageView android:id= "@+id/Avatar_Mask_41"
	android:src= "@drawable/Avatar_Mask"
	android:layout_marginStart= "22dp"
	android:layout_marginTop= "217dp"
	android:layout_width= "42dp"
	android:layout_height= "41dp"
	/>
<TextView android:id= "@+id/Anthony_Johnson_42"
	android:text= "@string/Anthony_Johnson_string"
	android:fontFamily= "Avenir-Medium"
	android:textSize="11sp"
	android:layout_marginStart= "78dp"
	android:layout_marginTop= "230dp"
	android:layout_width= "109dp"
	android:layout_height= "wrap_content"
	android:textcolor= "@color/Anthony_Johnson_color"/>
<ImageView android:id= "@+id/Rounded_Rectangle_1_43"
	android:src= "@drawable/Rounded_Rectangle_1"
	android:layout_marginStart= "11dp"
	android:layout_marginTop= "208dp"
	android:layout_width= "351dp"
	android:layout_height= "60dp"
	/>
<TextView android:id= "@+id/search_contacts_44"
	android:text= "@string/search_contacts_string"
	android:fontFamily= "Avenir-Book"
	android:textSize="10sp"
	android:layout_marginStart= "160dp"
	android:layout_marginTop= "152dp"
	android:layout_width= "87dp"
	android:layout_height= "wrap_content"
	android:textcolor= "@color/search_contacts_color"/>
<ImageView android:id= "@+id/Ellipse_2_45"
	android:src= "@drawable/Ellipse_2"
	android:layout_marginStart= "127dp"
	android:layout_marginTop= "148dp"
	android:layout_width= "17dp"
	android:layout_height= "17dp"
	/>
<ImageView android:id= "@+id/Rounded_Rectangle_1_copy_2_46"
	android:src= "@drawable/Rounded_Rectangle_1_copy_2"
	android:layout_marginStart= "12dp"
	android:layout_marginTop= "140dp"
	android:layout_width= "351dp"
	android:layout_height= "34dp"
	/>
<TextView android:id= "@+id/Hi_Julian__47"
	android:text= "@string/Hi_Julian__string"
	android:fontFamily= "Avenir-Medium"
	android:textSize="12sp"
	android:layout_marginStart= "236dp"
	android:layout_marginTop= "27dp"
	android:layout_width= "62dp"
	android:layout_height= "wrap_content"
	android:textcolor= "@color/Hi_Julian__color"/>
<TextView android:id= "@+id/Easyworkflow_48"
	android:text= "@string/Easyworkflow_string"
	android:fontFamily= "AdobeInvisFont"
	android:textSize="25sp"
	android:layout_marginStart= "147dp"
	android:layout_marginTop= "83dp"
	android:layout_width= "134dp"
	android:layout_height= "wrap_content"
	android:textcolor= "@color/Easyworkflow_color"/>
<ImageView android:id= "@+id/Forma_1_49"
	android:src= "@drawable/Forma_1"
	android:layout_marginStart= "80dp"
	android:layout_marginTop= "74dp"
	android:layout_width= "46dp"
	android:layout_height= "39dp"
	/>
<ImageView android:id= "@+id/Layer_2_50"
	android:src= "@drawable/Layer_2"
	android:layout_marginStart= "294dp"
	android:layout_marginTop= "9dp"
	android:layout_width= "74dp"
	android:layout_height= "49dp"
	/>
<ImageView android:id= "@+id/Ellipse_2_51"
	android:src= "@drawable/Ellipse_2"
	android:layout_marginStart= "306dp"
	android:layout_marginTop= "11dp"
	android:layout_width= "46dp"
	android:layout_height= "46dp"
	/>
<ImageView android:id= "@+id/Shape_1_52"
	android:src= "@drawable/Shape_1"
	android:layout_marginStart= "13dp"
	android:layout_marginTop= "21dp"
	android:layout_width= "24dp"
	android:layout_height= "18dp"
	/>
<ImageView android:id= "@+id/Forma_1_copy_53"
	android:src= "@drawable/Forma_1_copy"
	android:layout_marginStart= "-176dp"
	android:layout_marginTop= "-1dp"
	android:layout_width= "281dp"
	android:layout_height= "239dp"
	/>
<ImageView android:id= "@+id/Rectangle_1_54"
	android:src= "@drawable/Rectangle_1"
	android:layout_marginStart= "0dp"
	android:layout_marginTop= "0dp"
	android:layout_width= "376dp"
	android:layout_height= "206dp"
	/>
<ImageView android:id= "@+id/Rectangle_2_55"
	android:src= "@drawable/Rectangle_2"
	android:layout_marginStart= "0dp"
	android:layout_marginTop= "194dp"
	android:layout_width= "376dp"
	android:layout_height= "463dp"
	/>
</RelativeLayout>