<?xml version="1.0" encoding="utf-8"?>
<resources>
<color name="ProWorkflow_color">#3F3F3F</color>
<color name="_4_21_PM_color">#3F3F3F</color>
<color name="_100__color">#3F3F3F</color>
<color name="Peter_Lugar_color">#1D1D1D</color>
<color name="Ethan_Haskel_color">#1D1D1D</color>
<color name="Carolyn_Meywheather_color">#1D1D1D</color>
<color name="Davon_Peterson_color">#1D1D1D</color>
<color name="Bruce_Wayne_color">#1D1D1D</color>
<color name="Anthony_Johnson_color">#1D1D1D</color>
<color name="search_contacts_color">#626F6F</color>
<color name="Hi_Julian__color">#FFFFFF</color>
<color name="Easyworkflow_color">#3C2020</color>
</resources>