<?xml version="1.0" encoding="utf-8"?>
<resources>
<string name="ProWorkflow_string">ProWorkflow</string>
<string name="_4_21_PM_string">4:21 PM</string>
<string name="_100__string">100%</string>
<string name="Peter_Lugar_string">Peter Lugar</string>
<string name="Ethan_Haskel_string">Ethan Haskel</string>
<string name="Carolyn_Meywheather_string">Carolyn Meywheather</string>
<string name="Davon_Peterson_string">Davon Peterson</string>
<string name="Bruce_Wayne_string">Bruce Wayne</string>
<string name="Anthony_Johnson_string">Anthony Johnson</string>
<string name="search_contacts_string">search contacts</string>
<string name="Hi_Julian__string">Hi Julian!</string>
<string name="Easyworkflow_string">Easyworkflow</string>
</resources>